idx_p,idx_v,variable,v1,v2,v3,v4,v5,v6,v7,v8,v9,v10,v11,v12,v13,v14,v15
1,1,"Truncated(MixtureModel{Univariate, Continuous, Truncated{Normal{Float64}, Continuous, Float64, Float64, Float64}, Categorical{Float64, Vector{Float64}}}(
components: Truncated{Normal{Float64}, Continuous, Float64, Float64, Float64}[Truncated(Normal{Float64}(μ=30.0, σ=8.0); lower=10.0, upper=90.0), Truncated(Normal{Float64}(μ=70.0, σ=8.0); lower=10.0, upper=90.0)]
prior: Categorical{Float64, Vector{Float64}}(support=Base.OneTo(2), p=[0.5, 0.5])
)
; lower=10.0, upper=90.0)
",0.045103721479973685,1.0,0.285920491428512,0.0624778595803261,0.36007535679675295,67.65558221996069,1500.0,428.88073714276777,93.71678937048897,540.1130351951292,-0.011307581091026532,0.02702702702702703,0.0006549769140000207,0.0,0.005944274927261378
1,2,"Truncated(Normal{Float64}(μ=50.0, σ=15.0); lower=10.0, upper=90.0)",0.045103721479973685,1.0,0.285920491428512,0.0624778595803261,0.3600753567967531,3574.9102361105342,79259.76213953455,22661.990141442657,4951.980289323882,28539.487132018712,-0.011307581091026532,0.02702702702702703,0.0006549769140000207,0.0,0.005944274927261378
1,3,"Truncated(Normal{Float64}(μ=50.0, σ=40.0); lower=10.0, upper=90.0)",0.045103721479973685,1.0,0.285920491428512,0.0624778595803261,0.36007535679675295,67.65558221996069,1500.0,428.88073714276777,93.71678937048897,540.1130351951292,-0.011307581091026532,0.02702702702702703,0.0006549769140000207,0.0,0.005944274927261378
1,4,"Uniform{Float64}(a=10.0, b=90.0)",0.045103721479973685,1.0,0.285920491428512,0.0624778595803261,0.36007535679675295,67.65558221996069,1500.0,428.88073714276777,93.71678937048897,540.1130351951292,-0.011307581091026532,0.02702702702702703,0.0006549769140000207,0.0,0.005944274927261378
2,1,"Truncated(Normal{Float64}(μ=50.0, σ=15.0); lower=10.0, upper=90.0)",0.0472323131652542,1.0,0.284084180307839,0.057649770020077845,0.3609359709559382,70.84846974788137,1500.0,426.12627046175754,86.47465503011698,541.4039564339058,-0.011930582693952526,0.02702702702702703,0.0006290185138781042,0.0,0.005997579547748322
2,2,"Truncated(Normal{Float64}(μ=50.0, σ=40.0); lower=10.0, upper=90.0)",0.0472323131652542,1.0,0.284084180307839,0.057649770020077845,0.3609359709559382,70.84846974788137,1500.0,426.12627046175754,86.47465503011698,541.4039564339058,-0.011930582693952526,0.02702702702702703,0.0006290185138781042,0.0,0.005997579547748322
2,3,"Uniform{Float64}(a=10.0, b=90.0)",0.0472323131652542,1.0,0.284084180307839,0.057649770020077845,0.36093597095593816,3520.9422496270395,74545.20038661097,21177.11214771396,4297.513658388753,26906.044281646406,-0.011930582693952526,0.02702702702702703,0.0006290185138781042,0.0,0.005997579547748322
2,4,"Truncated(MixtureModel{Univariate, Continuous, Truncated{Normal{Float64}, Continuous, Float64, Float64, Float64}, Categorical{Float64, Vector{Float64}}}(
components: Truncated{Normal{Float64}, Continuous, Float64, Float64, Float64}[Truncated(Normal{Float64}(μ=30.0, σ=8.0); lower=10.0, upper=90.0), Truncated(Normal{Float64}(μ=70.0, σ=8.0); lower=10.0, upper=90.0)]
prior: Categorical{Float64, Vector{Float64}}(support=Base.OneTo(2), p=[0.5, 0.5])
)
; lower=10.0, upper=90.0)
",0.0472323131652542,1.0,0.284084180307839,0.057649770020077845,0.3609359709559382,70.84846974788137,1500.0,426.12627046175754,86.47465503011698,541.4039564339058,-0.011930582693952526,0.02702702702702703,0.0006290185138781042,0.0,0.005997579547748322
3,1,"Uniform{Float64}(a=10.0, b=90.0)",0.033655913597701065,1.0,0.2665486631878133,0.049449308153297886,0.357149125439122,50.48387039655161,1500.0,399.82299478172064,74.17396222994668,535.7236881586817,-0.009720226227849387,0.02702702702702703,0.0007211166999657351,0.0,0.005818300026500271
3,2,"Truncated(Normal{Float64}(μ=50.0, σ=40.0); lower=10.0, upper=90.0)",0.033655913597701065,1.0,0.2665486631878133,0.049449308153297886,0.357149125439122,50.48387039655161,1500.0,399.82299478172064,74.17396222994668,535.7236881586817,-0.009720226227849387,0.02702702702702703,0.0007211166999657351,0.0,0.005818300026500271
3,3,"Truncated(Normal{Float64}(μ=50.0, σ=15.0); lower=10.0, upper=90.0)",0.033655913597701065,1.0,0.2665486631878133,0.049449308153297886,0.357149125439122,2410.932453316531,71634.73504642019,19094.142864436508,3542.288087790276,25584.282972892186,-0.009720226227849387,0.02702702702702703,0.0007211166999657351,0.0,0.005818300026500271
3,4,"Truncated(MixtureModel{Univariate, Continuous, Truncated{Normal{Float64}, Continuous, Float64, Float64, Float64}, Categorical{Float64, Vector{Float64}}}(
components: Truncated{Normal{Float64}, Continuous, Float64, Float64, Float64}[Truncated(Normal{Float64}(μ=30.0, σ=8.0); lower=10.0, upper=90.0), Truncated(Normal{Float64}(μ=70.0, σ=8.0); lower=10.0, upper=90.0)]
prior: Categorical{Float64, Vector{Float64}}(support=Base.OneTo(2), p=[0.5, 0.5])
)
; lower=10.0, upper=90.0)
",0.033655913597701065,1.0,0.2665486631878133,0.049449308153297886,0.357149125439122,50.48387039655161,1500.0,399.82299478172064,74.17396222994668,535.7236881586817,-0.009720226227849387,0.02702702702702703,0.0007211166999657351,0.0,0.005818300026500271
4,1,"Truncated(Normal{Float64}(μ=50.0, σ=40.0); lower=10.0, upper=90.0)",0.034455094076743194,1.0,0.2777131566530012,0.0456253199830275,0.36697979486371446,51.68264111511498,1500.0,416.5697349795031,68.43797997454114,550.4696922955717,-0.011842605163295678,0.02702702702702703,0.0006326842443221396,0.0,0.0059899239787226674
4,2,"Uniform{Float64}(a=10.0, b=90.0)",0.034455094076743194,1.0,0.2777131566530012,0.0456253199830275,0.36697979486371446,51.68264111511498,1500.0,416.5697349795031,68.43797997454114,550.4696922955717,-0.011842605163295678,0.02702702702702703,0.0006326842443221396,0.0,0.0059899239787226674
4,3,"Truncated(Normal{Float64}(μ=50.0, σ=15.0); lower=10.0, upper=90.0)",0.034455094076743194,1.0,0.2777131566530012,0.0456253199830275,0.36697979486371446,51.68264111511498,1500.0,416.5697349795031,68.43797997454114,550.4696922955717,-0.011842605163295678,0.02702702702702703,0.0006326842443221396,0.0,0.0059899239787226674
4,4,"Truncated(MixtureModel{Univariate, Continuous, Truncated{Normal{Float64}, Continuous, Float64, Float64, Float64}, Categorical{Float64, Vector{Float64}}}(
components: Truncated{Normal{Float64}, Continuous, Float64, Float64, Float64}[Truncated(Normal{Float64}(μ=30.0, σ=8.0); lower=10.0, upper=90.0), Truncated(Normal{Float64}(μ=70.0, σ=8.0); lower=10.0, upper=90.0)]
prior: Categorical{Float64, Vector{Float64}}(support=Base.OneTo(2), p=[0.5, 0.5])
)
; lower=10.0, upper=90.0)
",0.034455094076743194,1.0,0.2777131566530012,0.0456253199830275,0.36697979486371446,2525.1514406627557,73288.18882451415,20353.09426383708,3343.7970660949954,26895.284500753387,-0.011842605163295678,0.02702702702702703,0.0006326842443221396,0.0,0.0059899239787226674
5,1,"Uniform{Float64}(a=10.0, b=90.0)",0.03646119509786284,1.0,0.27193346743450425,0.04538351607805246,0.3629488718669509,54.69179264679414,1500.0,407.9002011517564,68.07527411707879,544.4233078004258,-0.01224270518891358,0.02702702702702703,0.0006160134099213936,0.0,0.006025074964102898
5,2,"Truncated(Normal{Float64}(μ=50.0, σ=15.0); lower=10.0, upper=90.0)",0.03646119509786284,1.0,0.27193346743450425,0.04538351607805246,0.3629488718669509,54.69179264679414,1500.0,407.9002011517564,68.07527411707879,544.4233078004258,-0.01224270518891358,0.02702702702702703,0.0006160134099213936,0.0,0.006025074964102898
5,3,"Truncated(Normal{Float64}(μ=50.0, σ=40.0); lower=10.0, upper=90.0)",0.03646119509786284,1.0,0.27193346743450425,0.04538351607805246,0.3629488718669509,2970.77321821193,81477.66989640068,22156.505293412167,3697.7431417455477,29572.228371246474,-0.01224270518891358,0.02702702702702703,0.0006160134099213936,0.0,0.006025074964102898
5,4,"Truncated(MixtureModel{Univariate, Continuous, Truncated{Normal{Float64}, Continuous, Float64, Float64, Float64}, Categorical{Float64, Vector{Float64}}}(
components: Truncated{Normal{Float64}, Continuous, Float64, Float64, Float64}[Truncated(Normal{Float64}(μ=30.0, σ=8.0); lower=10.0, upper=90.0), Truncated(Normal{Float64}(μ=70.0, σ=8.0); lower=10.0, upper=90.0)]
prior: Categorical{Float64, Vector{Float64}}(support=Base.OneTo(2), p=[0.5, 0.5])
)
; lower=10.0, upper=90.0)
",0.03646119509786284,1.0,0.27193346743450425,0.04538351607805246,0.3629488718669509,54.69179264679414,1500.0,407.9002011517564,68.07527411707879,544.4233078004258,-0.01224270518891358,0.02702702702702703,0.0006160134099213936,0.0,0.006025074964102898
6,1,"Truncated(Normal{Float64}(μ=50.0, σ=15.0); lower=10.0, upper=90.0)",0.0419583364986197,1.0,0.28046833591197556,0.060883446465803175,0.35775247725666115,62.93750474792955,1500.0,420.7025038679634,91.3251696987045,536.6287158849933,-0.006747542451928004,0.02702702702702703,0.0008449785239624592,0.0,0.00562306926167119
6,2,"Truncated(Normal{Float64}(μ=50.0, σ=40.0); lower=10.0, upper=90.0)",0.0419583364986197,1.0,0.28046833591197556,0.060883446465803175,0.35775247725666115,62.93750474792955,1500.0,420.7025038679634,91.3251696987045,536.6287158849933,-0.006747542451928004,0.02702702702702703,0.0008449785239624592,0.0,0.00562306926167119
6,3,"Truncated(MixtureModel{Univariate, Continuous, Truncated{Normal{Float64}, Continuous, Float64, Float64, Float64}, Categorical{Float64, Vector{Float64}}}(
components: Truncated{Normal{Float64}, Continuous, Float64, Float64, Float64}[Truncated(Normal{Float64}(μ=30.0, σ=8.0); lower=10.0, upper=90.0), Truncated(Normal{Float64}(μ=70.0, σ=8.0); lower=10.0, upper=90.0)]
prior: Categorical{Float64, Vector{Float64}}(support=Base.OneTo(2), p=[0.5, 0.5])
)
; lower=10.0, upper=90.0)
",0.0419583364986197,1.0,0.28046833591197556,0.060883446465803175,0.35775247725666115,62.93750474792955,1500.0,420.7025038679634,91.3251696987045,536.6287158849933,-0.006747542451928004,0.02702702702702703,0.0008449785239624592,0.0,0.00562306926167119
6,4,"Uniform{Float64}(a=10.0, b=90.0)",0.04195833649861973,1.0,0.28046833591197556,0.060883446465803084,0.35775247725666115,3097.2660751704475,73817.65660019284,20703.51530757773,4494.273343848874,26408.449514000542,-0.006747542451928004,0.02702702702702703,0.0008449785239624592,0.0,0.00562306926167119
7,1,"Truncated(Normal{Float64}(μ=50.0, σ=40.0); lower=10.0, upper=90.0)",0.03447737691742691,1.0,0.26549199914535365,0.05450233072389746,0.35693790754105215,51.71606537614026,1500.0,398.23799871802964,81.7534960858464,535.4068613115763,-0.0085177496899116,0.02702702702702703,0.0007712198890464762,0.0,0.005732718693623826
7,2,"Uniform{Float64}(a=10.0, b=90.0)",0.03447737691742691,1.0,0.26549199914535365,0.05450233072389746,0.35693790754105215,51.71606537614026,1500.0,398.23799871802964,81.7534960858464,535.4068613115763,-0.0085177496899116,0.02702702702702703,0.0007712198890464762,0.0,0.005732718693623826
7,3,"Truncated(MixtureModel{Univariate, Continuous, Truncated{Normal{Float64}, Continuous, Float64, Float64, Float64}, Categorical{Float64, Vector{Float64}}}(
components: Truncated{Normal{Float64}, Continuous, Float64, Float64, Float64}[Truncated(Normal{Float64}(μ=30.0, σ=8.0); lower=10.0, upper=90.0), Truncated(Normal{Float64}(μ=70.0, σ=8.0); lower=10.0, upper=90.0)]
prior: Categorical{Float64, Vector{Float64}}(support=Base.OneTo(2), p=[0.5, 0.5])
)
; lower=10.0, upper=90.0)
",0.03447737691742691,1.0,0.2654919991453536,0.05450233072389746,0.35693790754105215,2584.0202819870638,74948.28531114121,19898.17009977119,4084.856233216851,26751.884132748502,-0.0085177496899116,0.02702702702702703,0.0007712198890464762,0.0,0.005732718693623826
7,4,"Truncated(Normal{Float64}(μ=50.0, σ=15.0); lower=10.0, upper=90.0)",0.03447737691742691,1.0,0.26549199914535365,0.05450233072389746,0.35693790754105215,51.71606537614026,1500.0,398.23799871802964,81.7534960858464,535.4068613115763,-0.0085177496899116,0.02702702702702703,0.0007712198890464762,0.0,0.005732718693623826
8,1,"Uniform{Float64}(a=10.0, b=90.0)",0.04076026777908435,1.0,0.28329289298791943,0.05509851053472829,0.36418662051600603,61.1404016686265,1500.0,424.9393394818785,82.64776580209224,546.2799307740082,-0.01022626699429813,0.02702702702702703,0.0007000316680303708,0.0,0.005856889328276969
8,2,"Truncated(Normal{Float64}(μ=50.0, σ=15.0); lower=10.0, upper=90.0)",0.04076026777908435,1.0,0.28329289298791943,0.05509851053472829,0.36418662051600603,61.1404016686265,1500.0,424.9393394818785,82.64776580209224,546.2799307740082,-0.01022626699429813,0.02702702702702703,0.0007000316680303708,0.0,0.005856889328276969
8,3,"Truncated(Normal{Float64}(μ=50.0, σ=40.0); lower=10.0, upper=90.0)",0.04076026777908435,1.0,0.28329289298791943,0.05509851053472829,0.36418662051600603,61.1404016686265,1500.0,424.9393394818785,82.64776580209224,546.2799307740082,-0.01022626699429813,0.02702702702702703,0.0007000316680303708,0.0,0.005856889328276969
8,4,"Truncated(MixtureModel{Univariate, Continuous, Truncated{Normal{Float64}, Continuous, Float64, Float64, Float64}, Categorical{Float64, Vector{Float64}}}(
components: Truncated{Normal{Float64}, Continuous, Float64, Float64, Float64}[Truncated(Normal{Float64}(μ=30.0, σ=8.0); lower=10.0, upper=90.0), Truncated(Normal{Float64}(μ=70.0, σ=8.0); lower=10.0, upper=90.0)]
prior: Categorical{Float64, Vector{Float64}}(support=Base.OneTo(2), p=[0.5, 0.5])
)
; lower=10.0, upper=90.0)
",0.04076026777908435,1.0,0.28329289298791943,0.05509851053472829,0.36418662051600603,2897.8658567004236,71095.35865678077,20140.809831893133,3917.2483679209163,25891.97840358638,-0.01022626699429813,0.02702702702702703,0.0007000316680303708,0.0,0.005856889328276969
9,1,"Truncated(Normal{Float64}(μ=50.0, σ=15.0); lower=10.0, upper=90.0)",0.03603593450769648,1.0,0.29495559720592107,0.05277590823332489,0.37274995802574046,54.05390176154463,1500.0,442.4333958088827,79.16386234998753,559.1249370386118,-0.006031134987181318,0.02702702702702703,0.0008748288349935713,0.0,0.005584453745967398
9,2,"Truncated(Normal{Float64}(μ=50.0, σ=40.0); lower=10.0, upper=90.0)",0.03603593450769648,1.0,0.29495559720592107,0.05277590823332489,0.37274995802574046,54.05390176154463,1500.0,442.4333958088827,79.16386234998753,559.1249370386118,-0.006031134987181318,0.02702702702702703,0.0008748288349935713,0.0,0.005584453745967398
9,3,"Uniform{Float64}(a=10.0, b=90.0)",0.03603593450769648,1.0,0.29495559720592107,0.05277590823332489,0.37274995802574046,54.05390176154463,1500.0,442.4333958088827,79.16386234998753,559.1249370386118,-0.006031134987181318,0.02702702702702703,0.0008748288349935713,0.0,0.005584453745967398
9,4,"Truncated(MixtureModel{Univariate, Continuous, Truncated{Normal{Float64}, Continuous, Float64, Float64, Float64}, Categorical{Float64, Vector{Float64}}}(
components: Truncated{Normal{Float64}, Continuous, Float64, Float64, Float64}[Truncated(Normal{Float64}(μ=30.0, σ=8.0); lower=10.0, upper=90.0), Truncated(Normal{Float64}(μ=70.0, σ=8.0); lower=10.0, upper=90.0)]
prior: Categorical{Float64, Vector{Float64}}(support=Base.OneTo(2), p=[0.5, 0.5])
)
; lower=10.0, upper=90.0)
",0.03603593450769643,1.0,0.29495559720592107,0.05277590823332489,0.37274995802574024,2701.518900994124,74967.3607164855,22112.04265108274,3956.4705496678093,27944.0805603705,-0.006031134987181318,0.02702702702702703,0.0008748288349935713,0.0,0.005584453745967398
10,1,"Truncated(Normal{Float64}(μ=50.0, σ=40.0); lower=10.0, upper=90.0)",0.03508860722073462,1.0,0.28293608847245644,0.04681670057382634,0.36817216317551293,52.63291083110199,1500.0,424.40413270868385,70.22505086073949,552.2582447632687,-0.010330950455288996,0.02702702702702703,0.0006956698571557512,0.0,0.005865058148424316
10,2,"Truncated(MixtureModel{Univariate, Continuous, Truncated{Normal{Float64}, Continuous, Float64, Float64, Float64}, Categorical{Float64, Vector{Float64}}}(
components: Truncated{Normal{Float64}, Continuous, Float64, Float64, Float64}[Truncated(Normal{Float64}(μ=30.0, σ=8.0); lower=10.0, upper=90.0), Truncated(Normal{Float64}(μ=70.0, σ=8.0); lower=10.0, upper=90.0)]
prior: Categorical{Float64, Vector{Float64}}(support=Base.OneTo(2), p=[0.5, 0.5])
)
; lower=10.0, upper=90.0)
",0.03508860722073462,1.0,0.28293608847245644,0.04681670057382634,0.36817216317551293,2648.523598084476,75481.01243868703,21356.30241334292,3533.7719583512767,27790.007628229214,-0.010330950455288996,0.02702702702702703,0.0006956698571557512,0.0,0.005865058148424316
10,3,"Uniform{Float64}(a=10.0, b=90.0)",0.03508860722073462,1.0,0.28293608847245644,0.04681670057382634,0.36817216317551293,52.63291083110199,1500.0,424.40413270868385,70.22505086073949,552.2582447632687,-0.010330950455288996,0.02702702702702703,0.0006956698571557512,0.0,0.005865058148424316
10,4,"Truncated(Normal{Float64}(μ=50.0, σ=15.0); lower=10.0, upper=90.0)",0.03508860722073462,1.0,0.28293608847245644,0.04681670057382634,0.36817216317551293,52.63291083110199,1500.0,424.40413270868385,70.22505086073949,552.2582447632687,-0.010330950455288996,0.02702702702702703,0.0006956698571557512,0.0,0.005865058148424316
11,1,"Truncated(MixtureModel{Univariate, Continuous, Truncated{Normal{Float64}, Continuous, Float64, Float64, Float64}, Categorical{Float64, Vector{Float64}}}(
components: Truncated{Normal{Float64}, Continuous, Float64, Float64, Float64}[Truncated(Normal{Float64}(μ=30.0, σ=8.0); lower=10.0, upper=90.0), Truncated(Normal{Float64}(μ=70.0, σ=8.0); lower=10.0, upper=90.0)]
prior: Categorical{Float64, Vector{Float64}}(support=Base.OneTo(2), p=[0.5, 0.5])
)
; lower=10.0, upper=90.0)
",0.036856952127651936,1.0,0.28821758122206653,0.05210639558693827,0.36867144523505924,55.28542819147781,1500.0,432.32637183309976,78.15959338040737,553.0071678525907,-0.010582296922327828,0.02702702702702703,0.0006851970876958,0.0,0.005884928903904571
11,2,"Truncated(Normal{Float64}(μ=50.0, σ=15.0); lower=10.0, upper=90.0)",0.036856952127651936,1.0,0.28821758122206653,0.05210639558693827,0.36867144523505924,55.28542819147781,1500.0,432.32637183309976,78.15959338040737,553.0071678525907,-0.010582296922327828,0.02702702702702703,0.0006851970876958,0.0,0.005884928903904571
11,3,"Uniform{Float64}(a=10.0, b=90.0)",0.036856952127651936,1.0,0.28821758122206653,0.05210639558693827,0.36867144523505924,55.28542819147781,1500.0,432.32637183309976,78.15959338040737,553.0071678525907,-0.010582296922327828,0.02702702702702703,0.0006851970876958,0.0,0.005884928903904571
11,4,"Truncated(Normal{Float64}(μ=50.0, σ=40.0); lower=10.0, upper=90.0)",0.03685695212765192,1.0,0.2882175812220665,0.05210639558693826,0.36867144523505924,2792.627388506841,75769.35224689075,21838.059435361578,3948.067841542559,27933.996597385518,-0.010582296922327828,0.02702702702702703,0.0006851970876958,0.0,0.005884928903904571
12,1,"Truncated(Normal{Float64}(μ=50.0, σ=15.0); lower=10.0, upper=90.0)",0.04157243979264215,1.0,0.29366465142191955,0.06461183592210308,0.3613313798547751,62.35865968896331,1500.0,440.4969771328781,96.9177538831544,541.9970697821628,-0.009120208663760858,0.02702702702702703,0.0007461174318027571,0.0,0.005774505053325745
12,2,"Truncated(MixtureModel{Univariate, Continuous, Truncated{Normal{Float64}, Continuous, Float64, Float64, Float64}, Categorical{Float64, Vector{Float64}}}(
components: Truncated{Normal{Float64}, Continuous, Float64, Float64, Float64}[Truncated(Normal{Float64}(μ=30.0, σ=8.0); lower=10.0, upper=90.0), Truncated(Normal{Float64}(μ=70.0, σ=8.0); lower=10.0, upper=90.0)]
prior: Categorical{Float64, Vector{Float64}}(support=Base.OneTo(2), p=[0.5, 0.5])
)
; lower=10.0, upper=90.0)
",0.04157243979264215,1.0,0.29366465142191955,0.06461183592210308,0.3613313798547751,62.35865968896331,1500.0,440.4969771328781,96.9177538831544,541.9970697821628,-0.009120208663760858,0.02702702702702703,0.0007461174318027571,0.0,0.005774505053325745
12,3,"Uniform{Float64}(a=10.0, b=90.0)",0.04157243979264215,1.0,0.29366465142191955,0.06461183592210308,0.3613313798547751,62.35865968896331,1500.0,440.4969771328781,96.9177538831544,541.9970697821628,-0.009120208663760858,0.02702702702702703,0.0007461174318027571,0.0,0.005774505053325745
12,4,"Truncated(Normal{Float64}(μ=50.0, σ=40.0); lower=10.0, upper=90.0)",0.04157243979264215,1.0,0.29366465142191944,0.06461183592210308,0.3613313798547751,3143.354748956539,75611.50523363992,22204.42632792345,4885.398169979174,27320.809518967682,-0.009120208663760858,0.02702702702702703,0.0007461174318027571,0.0,0.005774505053325745
13,1,"Truncated(Normal{Float64}(μ=50.0, σ=40.0); lower=10.0, upper=90.0)",0.0364832360311027,1.0,0.27780620440427123,0.05684434522914834,0.35868663039635207,54.724854046654066,1500.0,416.7093066064066,85.26651784372271,538.0299455945279,-0.010226422622900019,0.02702702702702703,0.0007000251835052921,0.0,0.005856901425529302
13,2,"Truncated(Normal{Float64}(μ=50.0, σ=15.0); lower=10.0, upper=90.0)",0.0364832360311027,1.0,0.27780620440427123,0.05684434522914834,0.35868663039635207,54.724854046654066,1500.0,416.7093066064066,85.26651784372271,538.0299455945279,-0.010226422622900019,0.02702702702702703,0.0007000251835052921,0.0,0.005856901425529302
13,3,"Uniform{Float64}(a=10.0, b=90.0)",0.0364832360311027,1.0,0.27780620440427123,0.05684434522914834,0.35868663039635207,54.724854046654066,1500.0,416.7093066064066,85.26651784372271,538.0299455945279,-0.010226422622900019,0.02702702702702703,0.0007000251835052921,0.0,0.005856901425529302
13,4,"Truncated(MixtureModel{Univariate, Continuous, Truncated{Normal{Float64}, Continuous, Float64, Float64, Float64}, Categorical{Float64, Vector{Float64}}}(
components: Truncated{Normal{Float64}, Continuous, Float64, Float64, Float64}[Truncated(Normal{Float64}(μ=30.0, σ=8.0); lower=10.0, upper=90.0), Truncated(Normal{Float64}(μ=70.0, σ=8.0); lower=10.0, upper=90.0)]
prior: Categorical{Float64, Vector{Float64}}(support=Base.OneTo(2), p=[0.5, 0.5])
)
; lower=10.0, upper=90.0)
",0.036483236031102685,1.0,0.27780620440427123,0.05684434522914834,0.35868663039635207,2777.434554103072,76129.06244761997,21149.125883429017,4327.506707743904,27306.47688457029,-0.010226422622900019,0.02702702702702703,0.0007000251835052921,0.0,0.005856901425529302
14,1,"Uniform{Float64}(a=10.0, b=90.0)",0.04395650807346297,1.0,0.2811684928900781,0.06171826243685859,0.35702931737978605,65.93476211019446,1500.0,421.752739335117,92.57739365528766,535.5439760696776,-0.007354241829908755,0.02702702702702703,0.0008196993832132614,0.0,0.005658398230802101
14,2,"Truncated(Normal{Float64}(μ=50.0, σ=15.0); lower=10.0, upper=90.0)",0.04395650807346297,1.0,0.2811684928900781,0.06171826243685859,0.35702931737978605,65.93476211019446,1500.0,421.752739335117,92.57739365528766,535.5439760696776,-0.007354241829908755,0.02702702702702703,0.0008196993832132614,0.0,0.005658398230802101
14,3,"Truncated(MixtureModel{Univariate, Continuous, Truncated{Normal{Float64}, Continuous, Float64, Float64, Float64}, Categorical{Float64, Vector{Float64}}}(
components: Truncated{Normal{Float64}, Continuous, Float64, Float64, Float64}[Truncated(Normal{Float64}(μ=30.0, σ=8.0); lower=10.0, upper=90.0), Truncated(Normal{Float64}(μ=70.0, σ=8.0); lower=10.0, upper=90.0)]
prior: Categorical{Float64, Vector{Float64}}(support=Base.OneTo(2), p=[0.5, 0.5])
)
; lower=10.0, upper=90.0)
",0.043956508073462984,1.0,0.2811684928900781,0.06171826243685859,0.35702931737978605,3584.376062010656,81543.6944176778,22927.517664107527,5032.735132141231,29113.489554569343,-0.007354241829908755,0.02702702702702703,0.0008196993832132614,0.0,0.005658398230802101
14,4,"Truncated(Normal{Float64}(μ=50.0, σ=40.0); lower=10.0, upper=90.0)",0.04395650807346297,1.0,0.2811684928900781,0.06171826243685859,0.35702931737978605,65.93476211019446,1500.0,421.752739335117,92.57739365528766,535.5439760696776,-0.007354241829908755,0.02702702702702703,0.0008196993832132614,0.0,0.005658398230802101
15,1,"Truncated(Normal{Float64}(μ=50.0, σ=15.0); lower=10.0, upper=90.0)",0.038343744278684165,1.0,0.2765308588803109,0.052659129611212746,0.3598272749287127,57.51561641802618,1500.0,414.7962883204672,78.98869441681927,539.7409123930701,-0.013016025131894376,0.02702702702702703,0.0005837917456305271,0.0,0.006095413552073954
15,2,"Uniform{Float64}(a=10.0, b=90.0)",0.038343744278684165,1.0,0.2765308588803109,0.052659129611212746,0.3598272749287127,57.51561641802618,1500.0,414.7962883204672,78.98869441681927,539.7409123930701,-0.013016025131894376,0.02702702702702703,0.0005837917456305271,0.0,0.006095413552073954
15,3,"Truncated(MixtureModel{Univariate, Continuous, Truncated{Normal{Float64}, Continuous, Float64, Float64, Float64}, Categorical{Float64, Vector{Float64}}}(
components: Truncated{Normal{Float64}, Continuous, Float64, Float64, Float64}[Truncated(Normal{Float64}(μ=30.0, σ=8.0); lower=10.0, upper=90.0), Truncated(Normal{Float64}(μ=70.0, σ=8.0); lower=10.0, upper=90.0)]
prior: Categorical{Float64, Vector{Float64}}(support=Base.OneTo(2), p=[0.5, 0.5])
)
; lower=10.0, upper=90.0)
",0.038343744278684165,1.0,0.2765308588803109,0.052659129611212746,0.3598272749287127,2839.8811269501543,74063.7405233502,20480.90977881054,3900.132111710336,26650.15392354442,-0.013016025131894376,0.02702702702702703,0.0005837917456305271,0.0,0.006095413552073954
15,4,"Truncated(Normal{Float64}(μ=50.0, σ=40.0); lower=10.0, upper=90.0)",0.038343744278684165,1.0,0.2765308588803109,0.052659129611212746,0.3598272749287127,57.51561641802618,1500.0,414.7962883204672,78.98869441681927,539.7409123930701,-0.013016025131894376,0.02702702702702703,0.0005837917456305271,0.0,0.006095413552073954
16,1,"Truncated(Normal{Float64}(μ=50.0, σ=15.0); lower=10.0, upper=90.0)",0.050562272679969746,1.0,0.28183064360405985,0.05600014332213022,0.35771347377800317,3739.6240267602657,73960.75826001624,20844.40810186461,4141.8130627743385,26456.759760445562,-0.0069776116864223026,0.02702702702702703,0.0008353923058585301,0.0,0.005636185646685335
16,2,"Uniform{Float64}(a=10.0, b=90.0)",0.05056227267996975,1.0,0.28183064360405985,0.05600014332213022,0.3577134737780032,75.84340901995444,1500.0,422.7459654060882,84.00021498319533,536.5702106670063,-0.0069776116864223026,0.02702702702702703,0.0008353923058585301,0.0,0.005636185646685335
16,3,"Truncated(Normal{Float64}(μ=50.0, σ=40.0); lower=10.0, upper=90.0)",0.05056227267996975,1.0,0.28183064360405985,0.05600014332213022,0.3577134737780032,75.84340901995444,1500.0,422.7459654060882,84.00021498319533,536.5702106670063,-0.0069776116864223026,0.02702702702702703,0.0008353923058585301,0.0,0.005636185646685335
16,4,"Truncated(MixtureModel{Univariate, Continuous, Truncated{Normal{Float64}, Continuous, Float64, Float64, Float64}, Categorical{Float64, Vector{Float64}}}(
components: Truncated{Normal{Float64}, Continuous, Float64, Float64, Float64}[Truncated(Normal{Float64}(μ=30.0, σ=8.0); lower=10.0, upper=90.0), Truncated(Normal{Float64}(μ=70.0, σ=8.0); lower=10.0, upper=90.0)]
prior: Categorical{Float64, Vector{Float64}}(support=Base.OneTo(2), p=[0.5, 0.5])
)
; lower=10.0, upper=90.0)
",0.05056227267996975,1.0,0.28183064360405985,0.05600014332213022,0.3577134737780032,75.84340901995444,1500.0,422.7459654060882,84.00021498319533,536.5702106670063,-0.0069776116864223026,0.02702702702702703,0.0008353923058585301,0.0,0.005636185646685335
17,1,"Truncated(Normal{Float64}(μ=50.0, σ=15.0); lower=10.0, upper=90.0)",0.03497023115021535,1.0,0.2734609381693442,0.062432637849412595,0.3558375650288039,52.455346725322954,1500.0,410.1914072540167,93.64895677411855,533.7563475432052,-0.009002861757777926,0.02702702702702703,0.0007510068862187126,0.0,0.0057661925534162745
17,2,"Truncated(Normal{Float64}(μ=50.0, σ=40.0); lower=10.0, upper=90.0)",0.03497023115021535,1.0,0.2734609381693442,0.062432637849412595,0.3558375650288039,52.455346725322954,1500.0,410.1914072540167,93.64895677411855,533.7563475432052,-0.009002861757777926,0.02702702702702703,0.0007510068862187126,0.0,0.0057661925534162745
17,3,"Uniform{Float64}(a=10.0, b=90.0)",0.03497023115021535,1.0,0.2734609381693442,0.062432637849412595,0.3558375650288039,52.455346725322954,1500.0,410.1914072540167,93.64895677411855,533.7563475432052,-0.009002861757777926,0.02702702702702703,0.0007510068862187126,0.0,0.0057661925534162745
17,4,"Truncated(MixtureModel{Univariate, Continuous, Truncated{Normal{Float64}, Continuous, Float64, Float64, Float64}, Categorical{Float64, Vector{Float64}}}(
components: Truncated{Normal{Float64}, Continuous, Float64, Float64, Float64}[Truncated(Normal{Float64}(μ=30.0, σ=8.0); lower=10.0, upper=90.0), Truncated(Normal{Float64}(μ=70.0, σ=8.0); lower=10.0, upper=90.0)]
prior: Categorical{Float64, Vector{Float64}}(support=Base.OneTo(2), p=[0.5, 0.5])
)
; lower=10.0, upper=90.0)
",0.03497023115021535,1.0,0.2734609381693442,0.06243263784941247,0.3558375650288039,2711.1639384113423,77527.76716760847,21200.815943828733,4840.263010848867,27587.291891041823,-0.009002861757777926,0.02702702702702703,0.0007510068862187126,0.0,0.0057661925534162745
18,1,"Uniform{Float64}(a=10.0, b=90.0)",0.04772672502658446,1.0,0.2819573454532074,0.05661283750866363,0.359250433552336,71.59008753987656,1500.0,422.9360181798109,84.91925626299532,538.8756503285039,-0.011691862956549547,0.02702702702702703,0.0006389651696032283,0.0,0.00597690420704007
18,2,"Truncated(MixtureModel{Univariate, Continuous, Truncated{Normal{Float64}, Continuous, Float64, Float64, Float64}, Categorical{Float64, Vector{Float64}}}(
components: Truncated{Normal{Float64}, Continuous, Float64, Float64, Float64}[Truncated(Normal{Float64}(μ=30.0, σ=8.0); lower=10.0, upper=90.0), Truncated(Normal{Float64}(μ=70.0, σ=8.0); lower=10.0, upper=90.0)]
prior: Categorical{Float64, Vector{Float64}}(support=Base.OneTo(2), p=[0.5, 0.5])
)
; lower=10.0, upper=90.0)
",0.04772672502658446,1.0,0.2819573454532074,0.05661283750866363,0.359250433552336,71.59008753987656,1500.0,422.9360181798109,84.91925626299532,538.8756503285039,-0.011691862956549547,0.02702702702702703,0.0006389651696032283,0.0,0.00597690420704007
18,3,"Truncated(Normal{Float64}(μ=50.0, σ=15.0); lower=10.0, upper=90.0)",0.04772672502658446,1.0,0.2819573454532074,0.05661283750866363,0.359250433552336,71.59008753987656,1500.0,422.9360181798109,84.91925626299532,538.8756503285039,-0.011691862956549547,0.02702702702702703,0.0006389651696032283,0.0,0.00597690420704007
18,4,"Truncated(Normal{Float64}(μ=50.0, σ=40.0); lower=10.0, upper=90.0)",0.04772672502658446,1.0,0.2819573454532074,0.05661283750866364,0.3592504335523359,3696.3314221179717,77447.83284541446,21836.98536019676,4384.541576275591,27823.167527403963,-0.011691862956549547,0.02702702702702703,0.0006389651696032283,0.0,0.00597690420704007
19,1,"Uniform{Float64}(a=10.0, b=90.0)",0.055085487950924966,1.0,0.292752610563543,0.06455945232271552,0.357970207805728,3962.423352763586,71932.25475816197,21058.355364173734,4643.906971524988,25749.604183713785,-0.011397328326797473,0.02702702702702703,0.000651237445842898,0.0,0.0059518226824773245
19,2,"Truncated(MixtureModel{Univariate, Continuous, Truncated{Normal{Float64}, Continuous, Float64, Float64, Float64}, Categorical{Float64, Vector{Float64}}}(
components: Truncated{Normal{Float64}, Continuous, Float64, Float64, Float64}[Truncated(Normal{Float64}(μ=30.0, σ=8.0); lower=10.0, upper=90.0), Truncated(Normal{Float64}(μ=70.0, σ=8.0); lower=10.0, upper=90.0)]
prior: Categorical{Float64, Vector{Float64}}(support=Base.OneTo(2), p=[0.5, 0.5])
)
; lower=10.0, upper=90.0)
",0.055085487950924966,1.0,0.29275261056354296,0.06455945232271552,0.357970207805728,82.62823192638733,1500.0,439.12891584531457,96.83917848407329,536.955311708591,-0.011397328326797473,0.02702702702702703,0.000651237445842898,0.0,0.0059518226824773245
19,3,"Truncated(Normal{Float64}(μ=50.0, σ=15.0); lower=10.0, upper=90.0)",0.055085487950924966,1.0,0.29275261056354296,0.06455945232271552,0.357970207805728,82.62823192638733,1500.0,439.12891584531457,96.83917848407329,536.955311708591,-0.011397328326797473,0.02702702702702703,0.000651237445842898,0.0,0.0059518226824773245
19,4,"Truncated(Normal{Float64}(μ=50.0, σ=40.0); lower=10.0, upper=90.0)",0.055085487950924966,1.0,0.29275261056354296,0.06455945232271552,0.357970207805728,82.62823192638733,1500.0,439.12891584531457,96.83917848407329,536.955311708591,-0.011397328326797473,0.02702702702702703,0.000651237445842898,0.0,0.0059518226824773245
20,1,"Truncated(MixtureModel{Univariate, Continuous, Truncated{Normal{Float64}, Continuous, Float64, Float64, Float64}, Categorical{Float64, Vector{Float64}}}(
components: Truncated{Normal{Float64}, Continuous, Float64, Float64, Float64}[Truncated(Normal{Float64}(μ=30.0, σ=8.0); lower=10.0, upper=90.0), Truncated(Normal{Float64}(μ=70.0, σ=8.0); lower=10.0, upper=90.0)]
prior: Categorical{Float64, Vector{Float64}}(support=Base.OneTo(2), p=[0.5, 0.5])
)
; lower=10.0, upper=90.0)
",0.040861160493194236,1.0,0.28887947025127764,0.060431311268672454,0.3639323671514301,61.29174073979114,1500.0,433.3192053769163,90.64696690300845,545.8985507271444,-0.012699864260305341,0.02702702702702703,0.0005969651152800703,0.0,0.0060662794946640545
20,2,"Truncated(Normal{Float64}(μ=50.0, σ=40.0); lower=10.0, upper=90.0)",0.040861160493194236,1.0,0.28887947025127764,0.060431311268672454,0.3639323671514301,61.29174073979114,1500.0,433.3192053769163,90.64696690300845,545.8985507271444,-0.012699864260305341,0.02702702702702703,0.0005969651152800703,0.0,0.0060662794946640545
20,3,"Truncated(Normal{Float64}(μ=50.0, σ=15.0); lower=10.0, upper=90.0)",0.040861160493194236,1.0,0.28887947025127764,0.060431311268672454,0.3639323671514301,2878.1666321286075,70437.71144502846,20348.008767952168,4256.643265387439,25634.563062918573,-0.012699864260305341,0.02702702702702703,0.0005969651152800703,0.0,0.0060662794946640545
20,4,"Uniform{Float64}(a=10.0, b=90.0)",0.040861160493194236,1.0,0.28887947025127764,0.060431311268672454,0.3639323671514301,61.29174073979114,1500.0,433.3192053769163,90.64696690300845,545.8985507271444,-0.012699864260305341,0.02702702702702703,0.0005969651152800703,0.0,0.0060662794946640545
21,1,"Truncated(MixtureModel{Univariate, Continuous, Truncated{Normal{Float64}, Continuous, Float64, Float64, Float64}, Categorical{Float64, Vector{Float64}}}(
components: Truncated{Normal{Float64}, Continuous, Float64, Float64, Float64}[Truncated(Normal{Float64}(μ=30.0, σ=8.0); lower=10.0, upper=90.0), Truncated(Normal{Float64}(μ=70.0, σ=8.0); lower=10.0, upper=90.0)]
prior: Categorical{Float64, Vector{Float64}}(support=Base.OneTo(2), p=[0.5, 0.5])
)
; lower=10.0, upper=90.0)
",0.03710199192620713,1.0,0.28368325300603303,0.059529111559136254,0.3606081938553131,55.65298788931067,1500.0,425.5248795090513,89.2936673387042,540.9122907829682,-0.011826734121007102,0.02702702702702703,0.0006333455377508302,0.0,0.005988547376047989
21,2,"Uniform{Float64}(a=10.0, b=90.0)",0.03710199192620713,1.0,0.28368325300603303,0.059529111559136254,0.3606081938553131,55.65298788931067,1500.0,425.5248795090513,89.2936673387042,540.9122907829682,-0.011826734121007102,0.02702702702702703,0.0006333455377508302,0.0,0.005988547376047989
21,3,"Truncated(Normal{Float64}(μ=50.0, σ=40.0); lower=10.0, upper=90.0)",0.03710199192620713,1.0,0.28368325300603303,0.059529111559136254,0.3606081938553131,2860.848719877076,77107.68536544008,21874.159016233763,4590.152004186053,27805.66315199511,-0.011826734121007102,0.02702702702702703,0.0006333455377508302,0.0,0.005988547376047989
21,4,"Truncated(Normal{Float64}(μ=50.0, σ=15.0); lower=10.0, upper=90.0)",0.03710199192620713,1.0,0.28368325300603303,0.059529111559136254,0.3606081938553131,55.65298788931067,1500.0,425.5248795090513,89.2936673387042,540.9122907829682,-0.011826734121007102,0.02702702702702703,0.0006333455377508302,0.0,0.005988547376047989
22,1,"Uniform{Float64}(a=10.0, b=90.0)",0.034364503371730235,1.0,0.2926872650314427,0.051781846606623654,0.37259579028226875,51.54675505759532,1500.0,439.0308975471634,77.67276990993554,558.8936854234048,-0.007544479627274939,0.02702702702702703,0.0008117728083230036,0.0,0.005669964581569392
22,2,"Truncated(Normal{Float64}(μ=50.0, σ=15.0); lower=10.0, upper=90.0)",0.034364503371730235,1.0,0.2926872650314427,0.051781846606623654,0.37259579028226875,51.54675505759532,1500.0,439.0308975471634,77.67276990993554,558.8936854234048,-0.007544479627274939,0.02702702702702703,0.0008117728083230036,0.0,0.005669964581569392
22,3,"Truncated(MixtureModel{Univariate, Continuous, Truncated{Normal{Float64}, Continuous, Float64, Float64, Float64}, Categorical{Float64, Vector{Float64}}}(
components: Truncated{Normal{Float64}, Continuous, Float64, Float64, Float64}[Truncated(Normal{Float64}(μ=30.0, σ=8.0); lower=10.0, upper=90.0), Truncated(Normal{Float64}(μ=70.0, σ=8.0); lower=10.0, upper=90.0)]
prior: Categorical{Float64, Vector{Float64}}(support=Base.OneTo(2), p=[0.5, 0.5])
)
; lower=10.0, upper=90.0)
",0.034364503371730235,1.0,0.2926872650314427,0.051781846606623654,0.37259579028226875,2727.0696613417676,79357.16782641402,23226.83241175426,4109.260691523456,29568.14666084539,-0.007544479627274939,0.02702702702702703,0.0008117728083230036,0.0,0.005669964581569392
22,4,"Truncated(Normal{Float64}(μ=50.0, σ=40.0); lower=10.0, upper=90.0)",0.034364503371730235,1.0,0.2926872650314427,0.051781846606623654,0.37259579028226875,51.54675505759532,1500.0,439.0308975471634,77.67276990993554,558.8936854234048,-0.007544479627274939,0.02702702702702703,0.0008117728083230036,0.0,0.005669964581569392
23,1,"Truncated(Normal{Float64}(μ=50.0, σ=15.0); lower=10.0, upper=90.0)",0.04203541913951399,1.0,0.2785423417866395,0.06367615282508686,0.35506219915067994,63.053128709270844,1500.0,417.81351267995996,95.51422923763022,532.5932987260184,-0.009816036464026385,0.02702702702702703,0.0007171246067916934,0.0,0.005825491170074409
23,2,"Uniform{Float64}(a=10.0, b=90.0)",0.04203541913951399,1.0,0.2785423417866395,0.06367615282508686,0.35506219915067994,63.053128709270844,1500.0,417.81351267995996,95.51422923763022,532.5932987260184,-0.009816036464026385,0.02702702702702703,0.0007171246067916934,0.0,0.005825491170074409
23,3,"Truncated(MixtureModel{Univariate, Continuous, Truncated{Normal{Float64}, Continuous, Float64, Float64, Float64}, Categorical{Float64, Vector{Float64}}}(
components: Truncated{Normal{Float64}, Continuous, Float64, Float64, Float64}[Truncated(Normal{Float64}(μ=30.0, σ=8.0); lower=10.0, upper=90.0), Truncated(Normal{Float64}(μ=70.0, σ=8.0); lower=10.0, upper=90.0)]
prior: Categorical{Float64, Vector{Float64}}(support=Base.OneTo(2), p=[0.5, 0.5])
)
; lower=10.0, upper=90.0)
",0.04203541913951399,1.0,0.2785423417866395,0.06367615282508686,0.35506219915067994,63.053128709270844,1500.0,417.81351267995996,95.51422923763022,532.5932987260184,-0.009816036464026385,0.02702702702702703,0.0007171246067916934,0.0,0.005825491170074409
23,4,"Truncated(Normal{Float64}(μ=50.0, σ=40.0); lower=10.0, upper=90.0)",0.04203541913951399,1.0,0.27854234178663956,0.06367615282508686,0.35506219915067994,3197.939245937203,76077.25369225806,21190.73640013782,4844.30683262113,27012.157001317293,-0.009816036464026385,0.02702702702702703,0.0007171246067916934,0.0,0.005825491170074409
24,1,"Uniform{Float64}(a=10.0, b=90.0)",0.03756556851928472,1.0,0.28525450925967705,0.05815470440774753,0.3629475531397782,56.348352778926966,1500.0,427.8817638895153,87.23205661162139,544.4213297096666,-0.007093514683883732,0.02702702702702703,0.0008305630142976373,0.0,0.005642923674807468
24,2,"Truncated(Normal{Float64}(μ=50.0, σ=15.0); lower=10.0, upper=90.0)",0.03756556851928472,1.0,0.28525450925967705,0.05815470440774753,0.3629475531397782,56.348352778926966,1500.0,427.8817638895153,87.23205661162139,544.4213297096666,-0.007093514683883732,0.02702702702702703,0.0008305630142976373,0.0,0.005642923674807468
24,3,"Truncated(Normal{Float64}(μ=50.0, σ=40.0); lower=10.0, upper=90.0)",0.03756556851928472,1.0,0.28525450925967705,0.05815470440774753,0.3629475531397782,56.348352778926966,1500.0,427.8817638895153,87.23205661162139,544.4213297096666,-0.007093514683883732,0.02702702702702703,0.0008305630142976373,0.0,0.005642923674807468
24,4,"Truncated(MixtureModel{Univariate, Continuous, Truncated{Normal{Float64}, Continuous, Float64, Float64, Float64}, Categorical{Float64, Vector{Float64}}}(
components: Truncated{Normal{Float64}, Continuous, Float64, Float64, Float64}[Truncated(Normal{Float64}(μ=30.0, σ=8.0); lower=10.0, upper=90.0), Truncated(Normal{Float64}(μ=70.0, σ=8.0); lower=10.0, upper=90.0)]
prior: Categorical{Float64, Vector{Float64}}(support=Base.OneTo(2), p=[0.5, 0.5])
)
; lower=10.0, upper=90.0)
",0.03756556851928473,1.0,0.28525450925967705,0.05815470440774753,0.3629475531397782,2791.9303765058667,74321.52597591067,21200.550419688756,4322.1463742618225,26974.815998571223,-0.007093514683883732,0.02702702702702703,0.0008305630142976373,0.0,0.005642923674807468
25,1,"Truncated(Normal{Float64}(μ=50.0, σ=40.0); lower=10.0, upper=90.0)",0.04610960829956144,1.0,0.2691368952575787,0.05940749539374757,0.3507334728816827,3631.56002066781,78759.29019120174,21197.030834750727,4678.892169248642,27623.51937045644,-0.0069692945879489265,0.02702702702702703,0.0008357388516282542,0.0,0.0056357054819337745
25,2,"Truncated(MixtureModel{Univariate, Continuous, Truncated{Normal{Float64}, Continuous, Float64, Float64, Float64}, Categorical{Float64, Vector{Float64}}}(
components: Truncated{Normal{Float64}, Continuous, Float64, Float64, Float64}[Truncated(Normal{Float64}(μ=30.0, σ=8.0); lower=10.0, upper=90.0), Truncated(Normal{Float64}(μ=70.0, σ=8.0); lower=10.0, upper=90.0)]
prior: Categorical{Float64, Vector{Float64}}(support=Base.OneTo(2), p=[0.5, 0.5])
)
; lower=10.0, upper=90.0)
",0.04610960829956144,1.0,0.2691368952575787,0.05940749539374756,0.3507334728816827,69.16441244934231,1500.0,403.7053428863683,89.11124309062141,526.1002093225251,-0.0069692945879489265,0.02702702702702703,0.0008357388516282542,0.0,0.0056357054819337745
25,3,"Uniform{Float64}(a=10.0, b=90.0)",0.04610960829956144,1.0,0.2691368952575787,0.05940749539374756,0.3507334728816827,69.16441244934231,1500.0,403.7053428863683,89.11124309062141,526.1002093225251,-0.0069692945879489265,0.02702702702702703,0.0008357388516282542,0.0,0.0056357054819337745
25,4,"Truncated(Normal{Float64}(μ=50.0, σ=15.0); lower=10.0, upper=90.0)",0.04610960829956144,1.0,0.2691368952575787,0.05940749539374756,0.3507334728816827,69.16441244934231,1500.0,403.7053428863683,89.11124309062141,526.1002093225251,-0.0069692945879489265,0.02702702702702703,0.0008357388516282542,0.0,0.0056357054819337745
26,1,"Truncated(MixtureModel{Univariate, Continuous, Truncated{Normal{Float64}, Continuous, Float64, Float64, Float64}, Categorical{Float64, Vector{Float64}}}(
components: Truncated{Normal{Float64}, Continuous, Float64, Float64, Float64}[Truncated(Normal{Float64}(μ=30.0, σ=8.0); lower=10.0, upper=90.0), Truncated(Normal{Float64}(μ=70.0, σ=8.0); lower=10.0, upper=90.0)]
prior: Categorical{Float64, Vector{Float64}}(support=Base.OneTo(2), p=[0.5, 0.5])
)
; lower=10.0, upper=90.0)
",0.03379321398129112,1.0,0.3023914204286619,0.06050505025497771,0.37424985956392054,50.68982097193666,1500.0,453.5871306429914,90.75757538246646,561.3747893458802,-0.011598796702728897,0.02702702702702703,0.0006428429301790887,0.0,0.00596892768873988
26,2,"Truncated(Normal{Float64}(μ=50.0, σ=40.0); lower=10.0, upper=90.0)",0.03379321398129112,1.0,0.3023914204286619,0.06050505025497771,0.37424985956392054,50.68982097193666,1500.0,453.5871306429914,90.75757538246646,561.3747893458802,-0.011598796702728897,0.02702702702702703,0.0006428429301790887,0.0,0.00596892768873988
26,3,"Uniform{Float64}(a=10.0, b=90.0)",0.03379321398129112,1.0,0.3023914204286619,0.06050505025497771,0.37424985956392054,50.68982097193666,1500.0,453.5871306429914,90.75757538246646,561.3747893458802,-0.011598796702728897,0.02702702702702703,0.0006428429301790887,0.0,0.00596892768873988
26,4,"Truncated(Normal{Float64}(μ=50.0, σ=15.0); lower=10.0, upper=90.0)",0.03379321398129112,1.0,0.30239142042866185,0.06050505025497771,0.3742498595639205,2596.110072413347,76823.41412836978,23230.741320457022,4648.204532595974,28751.151948763312,-0.011598796702728897,0.02702702702702703,0.0006428429301790887,0.0,0.00596892768873988
27,1,"Uniform{Float64}(a=10.0, b=90.0)",0.03357563367031832,1.0,0.28426115372461874,0.055046506909547724,0.36574637060494547,50.36345050547734,1500.0,426.3917305869282,82.56976036432134,548.6195559074184,-0.007465509496897644,0.02702702702702703,0.0008150632304220575,0.0,0.005665135142172445
27,2,"Truncated(Normal{Float64}(μ=50.0, σ=40.0); lower=10.0, upper=90.0)",0.03357563367031832,1.0,0.28426115372461874,0.055046506909547724,0.36574637060494547,50.36345050547734,1500.0,426.3917305869282,82.56976036432134,548.6195559074184,-0.007465509496897644,0.02702702702702703,0.0008150632304220575,0.0,0.005665135142172445
27,3,"Truncated(Normal{Float64}(μ=50.0, σ=15.0); lower=10.0, upper=90.0)",0.03357563367031832,1.0,0.28426115372461874,0.055046506909547724,0.36574637060494547,50.36345050547734,1500.0,426.3917305869282,82.56976036432134,548.6195559074184,-0.007465509496897644,0.02702702702702703,0.0008150632304220575,0.0,0.005665135142172445
27,4,"Truncated(MixtureModel{Univariate, Continuous, Truncated{Normal{Float64}, Continuous, Float64, Float64, Float64}, Categorical{Float64, Vector{Float64}}}(
components: Truncated{Normal{Float64}, Continuous, Float64, Float64, Float64}[Truncated(Normal{Float64}(μ=30.0, σ=8.0); lower=10.0, upper=90.0), Truncated(Normal{Float64}(μ=70.0, σ=8.0); lower=10.0, upper=90.0)]
prior: Categorical{Float64, Vector{Float64}}(support=Base.OneTo(2), p=[0.5, 0.5])
)
; lower=10.0, upper=90.0)
",0.03357563367031832,1.0,0.28426115372461874,0.055046506909547724,0.36574637060494547,2784.246789605607,82924.6237597283,23572.249222120343,4564.710874761523,30329.38017390124,-0.007465509496897644,0.02702702702702703,0.0008150632304220575,0.0,0.005665135142172445
28,1,"Uniform{Float64}(a=10.0, b=90.0)",0.043421646135738096,1.0,0.28770380001485024,0.055527098072301856,0.36530695246264194,65.13246920360696,1500.0,431.5557000222761,83.29064710845255,547.9604286939642,-0.006599874379888901,0.02702702702702703,0.0008511313602974219,0.0,0.005614832817080731
28,2,"Truncated(MixtureModel{Univariate, Continuous, Truncated{Normal{Float64}, Continuous, Float64, Float64, Float64}, Categorical{Float64, Vector{Float64}}}(
components: Truncated{Normal{Float64}, Continuous, Float64, Float64, Float64}[Truncated(Normal{Float64}(μ=30.0, σ=8.0); lower=10.0, upper=90.0), Truncated(Normal{Float64}(μ=70.0, σ=8.0); lower=10.0, upper=90.0)]
prior: Categorical{Float64, Vector{Float64}}(support=Base.OneTo(2), p=[0.5, 0.5])
)
; lower=10.0, upper=90.0)
",0.043421646135738096,1.0,0.28770380001485024,0.055527098072301856,0.36530695246264194,65.13246920360696,1500.0,431.5557000222761,83.29064710845255,547.9604286939642,-0.006599874379888901,0.02702702702702703,0.0008511313602974219,0.0,0.005614832817080731
28,3,"Truncated(Normal{Float64}(μ=50.0, σ=15.0); lower=10.0, upper=90.0)",0.043421646135738096,1.0,0.28770380001485024,0.055527098072301856,0.36530695246264194,65.13246920360696,1500.0,431.5557000222761,83.29064710845255,547.9604286939642,-0.006599874379888901,0.02702702702702703,0.0008511313602974219,0.0,0.005614832817080731
28,4,"Truncated(Normal{Float64}(μ=50.0, σ=40.0); lower=10.0, upper=90.0)",0.043421646135738096,1.0,0.28770380001485024,0.05552709807230178,0.3653069524626419,3284.9865317618132,75653.20120505786,21765.713469983213,4200.802722796824,27636.64037626275,-0.006599874379888901,0.02702702702702703,0.0008511313602974219,0.0,0.005614832817080731
29,1,"Uniform{Float64}(a=10.0, b=90.0)",0.03764659446503727,1.0,0.2741835662666066,0.051968840115891174,0.35923729758498024,56.46989169755586,1500.0,411.275349399909,77.95326017383674,538.8559463774722,-0.012118121172518813,0.02702702702702703,0.0006212044106045089,0.0,0.00601403765021675
29,2,"Truncated(MixtureModel{Univariate, Continuous, Truncated{Normal{Float64}, Continuous, Float64, Float64, Float64}, Categorical{Float64, Vector{Float64}}}(
components: Truncated{Normal{Float64}, Continuous, Float64, Float64, Float64}[Truncated(Normal{Float64}(μ=30.0, σ=8.0); lower=10.0, upper=90.0), Truncated(Normal{Float64}(μ=70.0, σ=8.0); lower=10.0, upper=90.0)]
prior: Categorical{Float64, Vector{Float64}}(support=Base.OneTo(2), p=[0.5, 0.5])
)
; lower=10.0, upper=90.0)
",0.03764659446503727,1.0,0.2741835662666066,0.051968840115891174,0.35923729758498024,56.46989169755586,1500.0,411.275349399909,77.95326017383674,538.8559463774722,-0.012118121172518813,0.02702702702702703,0.0006212044106045089,0.0,0.00601403765021675
29,3,"Truncated(Normal{Float64}(μ=50.0, σ=15.0); lower=10.0, upper=90.0)",0.03764659446503727,1.0,0.2741835662666066,0.051968840115891174,0.35923729758498024,56.46989169755586,1500.0,411.275349399909,77.95326017383674,538.8559463774722,-0.012118121172518813,0.02702702702702703,0.0006212044106045089,0.0,0.00601403765021675
29,4,"Truncated(Normal{Float64}(μ=50.0, σ=40.0); lower=10.0, upper=90.0)",0.03764659446503727,1.0,0.2741835662666066,0.051968840115891174,0.35923729758498024,2930.04902800931,77830.38730715663,21339.813155787386,4044.7549541235176,27959.57800621534,-0.012118121172518813,0.02702702702702703,0.0006212044106045089,0.0,0.00601403765021675
30,1,"Truncated(Normal{Float64}(μ=50.0, σ=15.0); lower=10.0, upper=90.0)",0.0345045774587818,1.0,0.28697166059805645,0.05168625730339293,0.3679000449530138,51.75686618817271,1500.0,430.4574908970849,77.52938595508932,551.8500674295211,-0.006380688986034088,0.02702702702702703,0.0008602640850413724,0.0,0.005602871580537431
30,2,"Uniform{Float64}(a=10.0, b=90.0)",0.0345045774587818,1.0,0.28697166059805645,0.05168625730339293,0.3679000449530138,51.75686618817271,1500.0,430.4574908970849,77.52938595508932,551.8500674295211,-0.006380688986034088,0.02702702702702703,0.0008602640850413724,0.0,0.005602871580537431
30,3,"Truncated(Normal{Float64}(μ=50.0, σ=40.0); lower=10.0, upper=90.0)",0.0345045774587818,1.0,0.28697166059805645,0.05168625730339293,0.3679000449530138,51.75686618817271,1500.0,430.4574908970849,77.52938595508932,551.8500674295211,-0.006380688986034088,0.02702702702702703,0.0008602640850413724,0.0,0.005602871580537431
30,4,"Truncated(MixtureModel{Univariate, Continuous, Truncated{Normal{Float64}, Continuous, Float64, Float64, Float64}, Categorical{Float64, Vector{Float64}}}(
components: Truncated{Normal{Float64}, Continuous, Float64, Float64, Float64}[Truncated(Normal{Float64}(μ=30.0, σ=8.0); lower=10.0, upper=90.0), Truncated(Normal{Float64}(μ=70.0, σ=8.0); lower=10.0, upper=90.0)]
prior: Categorical{Float64, Vector{Float64}}(support=Base.OneTo(2), p=[0.5, 0.5])
)
; lower=10.0, upper=90.0)
",0.0345045774587818,1.0,0.28697166059805645,0.05168625730339293,0.3679000449530138,2507.8452477431506,72681.52321931635,20857.537413043436,3756.6359103161108,26739.535659640016,-0.006380688986034088,0.02702702702702703,0.0008602640850413724,0.0,0.005602871580537431
